word,attempts
aries,1
arnes,2
aster,2
arens,2
amers,2
alras,2
alter,3
alens,3
antes,3
adres,2
arans,2
alems,2
asiel,2
arena,2
alert,3
amars,3
amies,2
alets,4
alsem,3
asten,2
aties,3
armen,3
amels,3
alias,4
anale,3
arams,3
alten,3
arden,3
alans,3
aders,3
alarm,3
ander,3
amirs,2
acres,3
arons,3
amals,2
adels,3
aldra,4
amans,3
alant,2
adens,3
aaien,2
adert,4
atlas,3
arend,3
armoe,3
amine,2
adems,3
aride,2
algen,4
asman,3
aarde,3
anils,3
atria,3
aards,3
afren,3
anime,3
amper,4
aalts,4
adans,3
alecs,5
angel,4
astma,3
agens,4
alpen,5
armst,2
aasde,2
aroma,2
aruns,4
anjes,4
asurn,2
arken,4
amber,5
akers,4
asser,3
aleks,6
alree,2
ankes,2
amant,3
alben,6
amins,2
anker,4
aardt,3
anjer,5
apert,2
aleer,3
avers,5
amons,3
adelt,3
alver,4
asgat,3
arren,3
amkes,3
apart,3
audes,4
ademt,3
adams,3
amits,3
amuse,3
anita,3
aston,2
anode,3
aksen,3
aktes,3
adils,3
agame,2
askar,3
alken,7
ampel,3
anses,5
alles,5
aorta,3
alsnu,3
aaide,3
aller,5
armee,4
aikes,2
amsoi,2
anima,3
agent,3
aftel,2
assen,3
amati,3
aftar,3
abten,3
aften,3
adios,4
arifs,2
armer,2
annes,6
aluin,3
aldus,3
aasje,3
afris,2
aflas,4
argon,3
aapte,3
adieu,3
allen,3
almee,4
akten,4
april,3
asdag,3
axels,4
argus,3
atzes,6
amer1,3
argot,4
assem,3
afros,3
afsla,3
akela,3
atjar,3
amice,3
actie,2
anten,5
angst,3
anaal,3
animo,2
aukes,4
afrit,2
ageer,3
aspot,3
agape,3
adept,4
afrol,3
akins,3
afsta,3
alaam,3
adder,4
actor,3
afmat,3
alsof,3
afrot,2
akant,4
amorf,3
aflos,4
afpen,3
amahs,4
afsol,4
apneu,3
aruba,3
afkes,5
afleg,3
abces,3
afnam,3
awari,3
afpas,3
asl1n,4
aloud,3
afdoe,4
agave,4
acute,4
abdis,2
afbel,3
agger,5
asims,3
audit,3
afdam,4
ahorn,3
adult,3
abuis,3
aper1,3
afton,3
amict,3
azads,4
aagje,3
afbet,3
afrui,3
abeel,5
aapje,4
amigo,3
aflag,3
ajour,4
ampul,4
afeet,4
aflek,4
airco,3
afvel,4
abele,5
abous,3
aroom,3
afwen,4
afr1s,4
ampex,4
anion,3
aflap,4
acces,4
asbak,4
appel,4
agaat,3
album,4
aftap,3
afhel,5
akkes,6
alt1d,3
alaaf,4
afkan,4
aspic,3
ajuin,4
aviso,2
allee,4
akker,6
aflig,3
aver1,4
afdek,4
ayses,7
afzet,5
afwas,4
aanga,4
apsis,4
afval,4
aflak,5
aftak,4
afkam,4
awacs,4
afvis,3
afsop,4
afzei,2
afzie,3
abaci,3
asifs,4
awara,4
agoge,3
avond,3
aftip,3
afwis,4
afbad,4
afzat,4
array,3
atoom,4
aflik,3
alw1s,4
atjeh,3
afbol,3
aftop,3
afruk,3
annex,4
aioli,4
afkon,3
aftik,2
acryl,3
afdak,3
afl1n,3
afr1d,4
afgod,3
afbek,5
aftob,4
alibi,3
afm1n,4
afzeg,5
allah,3
afmik,4
afwon,4
afkom,4
afpak,4
afbid,4
afzit,3
afdop,4
afkap,5
afhol,4
afbod,4
afzag,4
afdok,5
afbak,5
ajuus,4
afgaf,5
afpik,5
abaja,3
afhap,5
azuur,4
addax,4
acuut,3
afb1t,4
afduw,4
afbik,6
afhak,6
afzak,7
afw1s,4
afoog,4
azuki,3
aftyp,4
afz1n,5
agoog,4
affix,5
afw1k,4
afk1k,5
boren,1
boter,2
broes,2
baret,2
broei,3
briet,3
baren,2
boten,2
botel,3
bries,4
berin,2
boert,2
boeit,3
breit,3
bloes,2
boers,3
bonte,2
beton,2
borat,2
baten,3
baset,3
barse,3
brein,2
beril,4
berts,2
berst,3
broek,4
broed,5
bloei,3
boent,3
baron,2
blote,3
basen,4
beren,3
boste,3
baers,3
balen,3
beter,3
balie,4
boets,2
blies,3
belas,3
beier,4
beats,2
boete,3
bogen,3
buret,3
boden,4
broge,2
bents,4
beits,3
bodes,2
bergt,3
baton,3
beten,2
besta,3
br1en,2
baste,3
belet,3
bomer,3
bader,4
beien,3
blein,3
bozer,4
borst,3
brons,2
baker,3
boute,3
bitse,3
buren,4
beert,3
beate,3
bedot,3
betel,4
bloed,4
besla,3
bogie,4
bokte,4
beurt,3
b1ter,3
brost,3
biker,4
biste,3
baden,5
bomen,5
begon,3
brute,2
barts,2
bagel,3
buten,4
bidet,3
break,3
broze,3
breid,4
benut,3
baken,6
blees,2
beidt,4
barst,3
berks,3
biest,4
boekt,4
broer,6
biets,3
buien,4
bolde,3
begin,2
b1ten,5
boven,6
benig,3
beurs,3
brast,2
breng,2
biels,3
beent,3
belik,4
borgt,4
beste,3
bloem,5
blode,2
barok,2
bange,2
bilan,2
bonst,2
boxer,5
bliek,3
bedil,4
bralt,3
blues,4
breek,2
b1tel,4
bakte,3
brits,3
beaus,3
breed,3
bal1e,5
benul,4
bl1er,4
b1len,4
brilt,3
beult,4
bemat,3
board,2
bande,3
brodt,2
brief,5
bel1n,3
berge,4
b1les,3
bonze,3
bolst,2
bezat,4
bazen,7
bemin,3
beman,4
beker,3
berde,3
bazel,4
balde,4
benam,3
bavet,4
beaat,3
bikte,3
beest,3
brokt,4
boxen,7
boyes,3
bezit,3
biedt,3
besom,3
bezon,4
bonen,8
brede,3
brave,4
boede,3
balts,2
barre,3
botje,3
bevit,4
bedoe,3
beken,4
botte,5
bofte,6
ber1d,4
bevat,5
bilde,4
beden,5
brems,5
bezin,4
babes,3
bruto,3
baboe,3
bruin,2
beleg,4
b1een,3
boude,4
bromt,5
blekt,4
bonje,4
bekte,3
beige,4
beide,4
buste,4
brads,3
brand,2
bleek,3
bedes,3
bevis,3
bebos,4
burin,2
blits,3
bodem,3
bende,3
beugt,5
bigot,3
bonkt,3
b1rol,3
bagno,2
bedel,4
bruis,3
binst,3
batig,4
bezet,4
banen,8
bonus,3
bleue,3
blogt,3
bajes,4
beval,4
batik,3
bidon,3
bosje,3
ben1d,4
borax,3
beg1n,3
batte,4
brink,3
batje,3
ber1m,5
bugel,4
bases,5
broos,3
boort,3
belde,3
badge,4
b1leg,4
blief,4
breuk,3
bands,3
beukt,6
bever,5
bolle,4
bokst,3
bankt,3
bolus,3
bewas,4
bleke,4
breve,4
blogs,3
bewal,5
blokt,4
bytes,4
brams,4
bliep,5
bravo,3
bel1d,4
bizar,3
brult,4
beven,6
beoog,3
bomde,5
bezie,5
bosui,3
brabo,4
bekom,4
buide,4
blond,3
balkt,3
botaf,3
bukte,4
braai,3
bingo,3
baart,3
birma,3
bezag,4
bogey,4
bigde,4
bindt,3
b1zet,5
blonk,4
built,4
bedam,6
bazin,3
bamis,3
bizon,2
bloot,2
bacon,4
biebs,4
baars,3
beeld,4
bevel,5
bobde,6
bezak,3
b1sta,3
blaat,3
bings,3
blikt,4
boson,2
bette,4
bezig,5
blind,3
bl1de,4
benen,7
bedek,3
buist,3
bruid,3
baant,3
blank,3
banjo,3
befte,5
blaar,3
boots,3
bleef,4
bel1m,5
bokje,5
besef,3
bisam,3
boost,4
bloos,3
begaf,5
bejag,6
brasa,3
baalt,3
binks,2
blust,3
bluts,4
blink,3
bufen,5
biopt,3
bur1n,3
beeft,5
bevak,4
blaas,3
brood,3
b1ous,3
basta,3
besje,3
bet1t,6
bl1st,4
bekaf,4
bacil,3
baast,3
beaam,3
blowt,5
bed1k,4
b1bel,5
brugs,4
buigt,3
b1lag,3
belle,4
bekap,5
boord,3
b1tje,4
badje,3
bowlt,3
bepak,5
blaft,4
balsa,3
bakje,4
basis,4
boogt,3
b1tte,4
bomig,3
barak,3
botst,5
braak,4
bom1s,4
broom,4
bozig,4
bowls,3
b1zat,3
bew1s,4
babok,3
bevek,4
b1zon,3
bekak,6
baard,4
b1nam,3
bob1n,3
bongo,3
bakra,4
b1lig,3
brouw,4
baadt,4
bazig,3
bezem,5
braam,5
busje,3
bulkt,3
bouwt,4
bepek,5
blaag,3
bekje,5
boomt,4
beemd,4
bedje,4
bl1kt,3
bivak,3
b1zit,4
b1zin,3
boyds,5
bebop,4
b1val,4
bitst,4
bruut,4
b1won,4
bauwt,5
bills,3
b1bal,5
b1weg,4
braaf,6
bek1f,4
backt,4
b1pas,3
blaam,4
busbo,3
bluft,4
blouw,4
buurt,3
b1lap,4
backs,4
b1kom,4
bompa,4
botox,4
bek1k,5
bl1ft,4
blauw,4
bomma,5
b1vak,4
b1gaf,4
bahai,4
bocht,5
b1pad,5
bahco,4
bosch,4
b1vul,3
behuw,6
buiig,3
batch,4
b1kok,4
bachs,5
bitch,4
bucks,3
bamba,4
b1z1n,3
baggy,4
bunny,4
buxus,4
bobby,4
buggy,4
buddy,4
b1w1f,4
cameo,1
caret,3
carls,3
circa,3
chiro,2
cargo,3
casco,2
carve,2
close,2
coach,3
crash,3
credo,2
coens,3
chaos,3
cobra,2
cains,4
cache,3
cours,2
camel,2
cover,3
crime,2
corps,3
cians,3
cakes,2
curie,3
canto,4
clans,2
capes,3
cokes,3
clean,2
coole,3
cacao,3
chers,2
codes,2
corso,3
cobes,4
chape,3
clark,3
ciels,3
claus,3
corgi,3
crost,3
crank,3
claim,2
coupe,3
croon,3
choke,3
china,3
codec,3
coxen,4
conti,4
cases,4
chats,3
crack,3
conus,3
chads,4
conga,3
cadet,4
citer,3
clous,3
camee,3
colts,3
crawl,3
casht,3
cools,4
chens,3
chant,4
cider,2
cello,3
canon,2
crews,3
cross,3
carga,3
camps,2
curve,4
cocon,3
choco,3
clips,2
coups,3
cents,3
celen,3
click,3
cauda,3
cocci,4
colli,4
combi,2
conto,3
codex,4
coupt,3
cavia,4
clown,3
casus,2
crazy,4
chuns,3
cyaan,3
casts,3
cajun,3
cycli,3
chook,4
civet,3
check,3
chips,3
campy,3
caban,4
cyste,3
chefs,4
ceder,3
collo,4
clubs,3
chick,3
combo,2
cirri,3
chili,3
chimp,2
crypt,3
cedel,3
curry,3
cupje,3
c1fer,3
cumul,2
doren,1
doler,2
drein,2
diner,2
droes,2
dolen,2
drain,2
droeg,3
deons,2
daler,3
dogen,3
dalen,3
drent,2
danes,2
daten,4
dager,3
droge,2
deans,3
deren,2
dries,3
domen,4
drieg,4
dinar,3
dreun,3
deint,2
dagen,5
doder,3
duren,3
deern,3
drens,3
dines,3
doden,5
demon,2
deler,2
doken,6
drong,2
dient,3
deins,3
drang,2
dader,4
dover,4
dreig,2
delen,4
diere,3
denim,3
doges,2
dions,2
doper,5
dorde,2
doven,7
dopen,8
doste,3
doend,2
doelt,2
dozen,9
daden,2
dealt,2
dregt,3
daken,6
diens,3
dates,2
daver,5
degen,5
darde,2
deunt,3
droef,4
deals,3
diors,3
delta,3
dring,3
dians,2
dieet,3
derny,2
decor,3
dalem,3
danig,3
deert,3
dorre,3
dazen,7
diode,3
dunte,3
doemt,3
dansi,3
dronk,3
drank,3
dames,3
drost,3
dingo,3
dokte,4
duale,3
deens,4
donor,2
denkt,3
dorst,2
drast,3
drive,3
dooie,3
danst,3
doorn,2
doema,3
delgt,3
drilt,3
donut,2
darts,3
deden,3
dolde,3
dadel,4
duwer,4
dramt,4
dopes,3
dromt,3
derde,3
deken,3
degel,3
diets,4
dezer,3
dopte,5
depri,3
drink,3
dawet,3
dingt,3
druis,2
druil,3
duwen,4
daves,4
dreef,3
dolce,4
deugt,3
dofte,6
deelt,3
denen,6
denke,3
dezen,7
derft,3
dynes,4
doses,4
dotje,4
dikte,3
divan,2
depot,2
dunde,3
donna,3
dankt,3
desem,3
deels,3
dolst,3
damde,4
dropt,3
dipte,4
dolle,3
dulia,3
draai,4
datet,3
dwerg,3
droos,3
debat,3
dogla,3
duels,3
draws,3
drops,2
dunne,3
drugs,3
diept,3
domig,3
dwong,3
dirks,2
dweil,3
droog,4
diepe,4
dekte,3
dimde,4
dolik,3
dukes,3
draal,3
deukt,4
dorps,3
datje,3
dooit,3
dawns,3
dyons,3
dagje,3
ditje,4
drumt,3
domst,3
draag,4
drums,4
detox,3
davit,3
dille,4
druip,4
delft,4
daans,3
dwang,3
dieft,4
dwars,3
domme,4
dupes,4
dagge,4
depte,4
dunst,3
duvel,4
d1ker,5
dogma,4
dempt,4
dezes,4
dildo,2
debet,4
deugd,4
d1den,4
drift,4
drukt,4
dwing,3
droom,4
damar,3
drama,4
dovig,4
doolt,2
dabde,5
d1ken,4
drupt,5
druif,5
duits,3
duist,2
dakje,4
datum,3
dopje,5
deuce,3
dod1n,2
draak,5
draad,6
debug,4
disco,3
dwaze,3
dutje,4
duimt,3
durks,3
djati,3
derby,4
daalt,3
dunkt,3
douwt,4
dutte,4
dandy,4
dosis,4
dikst,3
daast,3
doomt,4
daagt,4
dauwt,3
dolfs,4
dompt,4
dweep,4
droop,3
dofst,4
duidt,4
decks,4
dampt,4
daags,3
duikt,5
duwde,4
dipje,3
doz1n,3
doffe,6
druus,5
doodt,5
dikke,5
duaal,3
durft,3
draaf,7
dekje,4
dew1l,3
d1kte,4
duldt,3
doods,3
dubde,5
desks,4
doopt,6
duurt,3
duurs,3
djinn,3
dooft,7
djaks,4
d1tje,5
dicks,3
dwaas,4
dwaal,3
dr1ft,4
dumpt,4
dolby,5
djogo,3
dufst,3
dumps,3
dolly,4
docht,5
dombo,3
disks,4
dacht,5
duffe,5
dicht,4
douch,4
d1kje,4
dixit,4
ducht,5
dummy,4
dizzy,3
eisen,1
enter,3
etsen,2
eiser,2
esten,2
elies,2
elite,2
etser,2
eigen,2
eiste,2
enige,2
ester,3
engel,2
enger,3
engte,2
erins,2
eters,2
erken,4
ernst,3
eicel,3
eider,3
ertoe,3
einde,2
erven,3
enkel,3
eiken,3
ether,2
eindt,2
eiker,2
enten,4
entte,3
etter,3
espen,3
etend,3
eikel,3
elven,2
elins,3
eiber,4
elpen,3
eruit,3
egden,4
elzen,4
etage,3
ergst,2
evies,3
einze,3
eitje,2
engst,4
elfen,5
emres,3
elkes,3
erics,2
erpse,3
eerst,3
eises,3
essen,3
ellen,6
elzes,3
egale,4
elses,3
etste,2
eriks,3
ergon,3
emirs,3
estse,3
egels,3
erica,2
edins,4
emelt,3
etude,3
eter1,3
erger,3
etuis,3
emins,5
ervan,2
eggen,5
ebden,5
ezelt,4
edels,4
enden,3
evers,3
ermee,3
ecrue,3
erfde,2
edict,3
eraan,3
email,3
emoes,4
enken,5
echel,3
emils,3
ebens,2
extra,3
earls,3
emkes,2
echte,4
enorm,2
eland,3
edele,3
esens,3
erker,4
epiek,2
euvel,3
edese,3
ezels,5
elpee,4
exces,4
elfde,3
eerde,3
egons,3
egard,3
euzie,3
emans,2
emmer,4
eivol,2
esmes,3
eekes,4
ebben,6
effen,7
emmes,5
ethos,3
evans,3
enfin,2
elfje,3
ethyl,3
ewans,4
ebbes,5
exact,2
eiwit,3
educt,3
eloys,3
egaal,4
expat,3
ebola,3
echec,4
enzym,3
exoot,3
eggig,3
essay,2
edoch,3
fries,1
friet,2
forel,3
forse,2
frase,2
files,2
forte,3
faire,2
falie,2
foert,3
folie,3
floer,3
filet,2
flair,2
foren,3
frets,2
furie,2
fairs,2
falen,3
flora,2
flets,2
freon,2
fiets,2
fasen,2
fleur,4
flirt,2
fiens,3
fruit,2
forst,2
flors,2
flens,3
finse,2
forti,3
frats,2
flati,3
flats,3
fielt,3
felst,2
frist,2
feilt,2
flits,2
frans,3
fluor,3
foute,2
fusie,3
flans,3
fiere,3
flost,2
farce,2
fluit,2
freak,3
frees,2
front,2
frons,3
fleer,4
frame,3
fenol,3
facie,3
foyer,3
fikse,3
faket,3
frust,2
facet,4
farde,3
fayes,2
fonts,3
flyer,2
fakir,3
fokte,3
freds,3
facit,3
fiber,2
futen,3
firma,3
fases,3
flikt,2
fabel,4
farms,3
faken,4
films,2
field,4
fords,3
fobie,3
forma,3
franc,3
farao,3
flard,3
flank,3
frank,4
floep,4
feest,3
filmt,3
fikst,2
futon,3
fieps,4
fraai,3
flink,3
folio,3
faxte,3
f1ner,3
forto,3
fiool,3
fitte,3
fusee,3
forum,4
fluim,3
faalt,3
floot,3
fopte,4
fluks,4
flapt,3
ficus,3
fysio,3
focus,3
flash,3
frigo,2
fleem,3
floss,3
faxen,5
flips,3
fazen,2
fuads,3
flipt,3
fitis,4
fagot,4
foxen,4
fonds,2
fossa,3
feces,3
flops,4
flopt,4
ferme,4
flauw,3
fatum,2
fr1nt,3
f1nte,4
fauna,3
fitst,3
finns,5
fnuik,3
feeks,3
femel,4
foton,3
fiche,4
fuift,3
ferry,3
folky,3
facta,4
farad,3
febes,4
f1nst,3
felle,3
fundi,3
fezel,3
fahds,4
fungi,4
fatwa,3
fylum,3
fjord,3
f1fel,4
f1nen,5
funky,3
fichu,4
griel,1
galei,2
gelei,3
gerei,2
galen,3
groen,2
groei,2
garen,3
garoe,3
grien,2
geler,2
gloei,3
gelen,2
geile,2
geien,2
gerit,2
griet,3
geren,3
gener,3
gries,4
genie,3
groet,3
gaine,2
gilet,3
gelat,2
gerot,3
gelet,3
getal,3
gamel,3
green,3
grein,2
genre,3
gerat,2
gaten,2
gesel,3
gelid,2
genat,3
gelui,3
gesol,3
geilt,3
genot,4
galon,2
goten,3
genas,3
gesar,3
gamer,3
genet,3
gamen,3
geide,3
golem,3
grote,2
genes,3
gates,3
gered,4
galde,3
griek,5
garde,4
gaden,4
gnoes,4
gelik,3
ganse,3
gloed,3
goden,4
geuit,3
gekir,3
gemor,4
gegil,2
gagel,4
geram,3
gerts,3
gelig,4
gerst,4
griep,6
games,3
grief,7
gazel,2
geert,3
gamet,3
grime,2
geard,3
gedoe,4
griot,3
gemis,4
gebal,4
gaper,4
groep,4
groef,5
gebel,4
gewin,3
gelag,3
gaver,2
geelt,3
gemot,5
gemat,4
grint,2
gaste,2
geval,5
geldt,3
gezin,4
gemet,3
gewei,2
gapen,5
gewon,4
gails,3
giert,3
geste,3
gilde,3
gents,3
gezel,3
gleis,3
germs,3
geels,4
g1ler,3
gevel,5
gaven,6
grens,3
genut,5
gogen,5
garve,5
gozer,4
gleed,3
geurt,4
gazen,7
gekit,4
gepen,3
gewen,4
gever,3
gepit,5
getik,3
grilt,2
goals,3
gabes,4
gekat,5
genus,3
gewit,2
grage,3
gages,5
gelal,2
gebit,6
glans,3
geven,5
gelee,4
gefit,7
greep,3
grove,3
gians,3
gneis,3
grond,3
grind,3
grolt,2
gevit,8
gebat,6
gewis,4
gepot,6
gazet,4
giels,3
gehol,4
geest,3
gekes,3
giste,3
gebot,4
godin,3
gebet,4
grist,4
gewas,4
gewet,5
gakte,3
geluk,3
getob,3
goede,4
galmt,3
galop,3
gevat,7
gekte,3
glens,3
globe,4
gezet,6
gruis,2
gapte,4
gevet,7
gemok,4
gedut,5
gemak,4
grimt,5
graal,2
guano,3
gorig,2
genen,6
gromt,3
geoha,4
giraf,3
gajes,6
grims,3
gazon,3
graan,3
gedag,3
graai,3
gebod,4
gordt,2
gejat,8
gebed,4
gayes,7
ger1d,4
gehot,7
gewed,5
gokte,4
geluw,4
ger1m,4
gesis,5
gladt,3
glimt,2
garft,3
gekst,4
gomde,3
gonst,3
gelul,3
geeft,6
grapt,4
ginst,2
goeds,4
geuze,4
geeks,4
gunde,4
gespt,3
gonje,4
graat,5
gebak,5
ge1ld,3
gel1k,4
graas,3
gesse,3
geput,6
gregs,4
gehad,4
gigue,3
grift,6
getto,3
grill,2
grogs,4
gem1t,5
gewag,4
guste,4
ged1t,4
gevut,7
gekef,4
ginds,3
gaart,3
gr1nt,2
gezag,5
gr1ns,3
glipt,3
glooi,2
gogme,4
g1zel,4
gejou,4
ge1sd,4
gloor,2
groot,4
gouwe,5
gaans,2
guave,3
graad,4
gojse,3
gesco,3
golft,3
geeuw,4
gluip,3
gooit,3
gisse,4
gasla,3
grauw,4
gr1ze,4
gejut,8
g1pen,4
gidst,3
gwens,4
gulst,3
gumde,4
gulle,3
gyros,3
glimp,3
gongs,3
geduw,3
getut,4
geb1t,4
gevr1,4
gaard,3
goors,3
gevl1,4
ge1kt,5
gaand,3
gunst,4
gekke,5
gr1st,3
gyans,3
gleuf,4
gouds,4
gnuif,4
graag,5
gekko,5
gills,3
gispt,3
gokje,5
gebbe,6
gabbe,3
graaf,6
gepuf,4
gruwt,5
gipst,4
gew1d,4
gaffe,4
gojim,3
gibus,3
gulpt,4
g1pte,4
gluur,3
gej1d,5
gr1pt,4
gaapt,3
gnoom,3
gl1dt,3
gauss,3
goths,4
gomma,3
gek1f,5
gymde,5
ged1d,4
gloop,3
gamba,3
geh1g,5
ghana,3
goofs,4
gummi,4
gipsy,3
gamma,4
gusts,3
gutst,3
guppy,3
haler,1
hater,2
haren,2
hales,2
halen,3
haten,3
harem,3
halte,2
heila,2
haper,3
heisa,2
hamer,4
hagel,2
holes,2
heler,2
haker,5
horen,2
hamel,3
hoera,2
holen,3
harde,2
heros,3
heier,2
haver,6
hotel,3
heter,3
hagen,4
hamei,3
heats,3
heren,3
heins,3
heser,4
hades,3
helen,3
hamen,2
holte,3
hoger,3
heien,4
heten,5
haken,5
hayes,4
helse,3
hapte,2
hoert,3
hanze,3
hoeri,2
hoela,3
haven,6
halve,3
hakte,3
heers,3
hesen,3
harst,3
horde,3
helst,2
henry,3
hogen,3
hevea,2
hopen,3
herig,3
herik,4
henna,3
hangt,4
hoste,3
ha1es,5
herms,3
holde,3
hopes,2
harre,3
hazen,7
homes,3
henks,4
handt,3
hands,3
hemel,2
hyena,3
hepen,3
hardt,4
helde,3
hanig,4
hards,3
harpt,2
hoede,3
hopte,4
hielt,2
halst,3
helpt,3
hoven,4
heelt,3
hinde,3
hanen,8
hemen,3
heden,6
heide,4
hekel,3
huren,4
heken,7
hiken,4
harkt,5
hokte,4
hoest,3
heest,2
hoedt,3
hevel,4
harig,4
hozen,5
hoeve,4
hipte,4
heven,8
heult,3
hertz,4
horst,2
hikte,3
hongs,3
hints,2
hield,3
haart,3
heuse,3
house,3
honen,6
hyper,4
heavy,3
honds,4
helft,4
hordt,3
hoekt,4
heese,3
haait,3
hielp,4
hopsa,3
hekst,3
holle,4
hemde,5
holst,2
honig,3
helix,4
honkt,3
hetze,3
haalt,2
hoeks,3
hopla,2
hapje,3
henen,9
hypes,3
hotte,5
hypet,4
heust,4
hebes,3
helle,4
h1ger,4
heugt,3
hinds,3
h1sen,4
hitje,4
hakje,4
hypen,4
her1k,5
hymne,4
haast,3
horig,3
hymen,4
hinkt,3
hesje,3
hulde,4
hoeft,5
hitte,5
haram,5
hevig,3
hydra,2
hupte,5
haard,3
hoorn,3
heeft,3
hiaat,2
halls,2
h1gen,5
harp1,3
hupse,4
haags,3
hopje,4
haagt,4
hukte,5
hamas,3
hallo,3
havik,3
hegje,3
haakt,3
hokje,5
haaks,2
huilt,2
hoppe,5
halma,3
hunne,4
hippe,4
hoort,3
hihat,3
highe,5
hungs,4
hekje,4
hoont,3
heiig,4
haiku,3
hipst,3
hooit,3
hegge,4
humde,4
hadji,4
hutje,4
hulst,3
hetz1,3
huwen,6
huist,3
humor,2
hofje,6
hoolt,3
houdt,4
h1gde,5
hurkt,3
halal,3
hoost,4
hindi,3
huigs,3
hotst,3
hackt,4
hosts,3
hoezo,3
hieuw,4
hysop,3
heffe,5
hoogt,3
hitst,4
hoopt,4
hupst,4
hab1t,4
hecht,4
huift,4
huwde,5
hapax,3
happy,4
huurt,3
huibs,4
houwt,5
hamam,4
hoofs,4
https,3
hooft,5
hutst,4
husky,4
hoofd,3
humus,3
hobby,4
huubs,4
inrol,1
inren,3
inert,2
inleg,3
iaden,3
ismen,3
ieren,2
inden,3
intro,2
indek,2
inlog,2
inent,3
ionen,2
inmat,3
inbel,3
innam,4
inrit,4
invet,4
inges,5
inlos,3
indom,2
inbed,3
indam,3
ineen,3
inhei,6
imres,2
index,4
india,4
inpek,3
inpen,4
inkom,3
imker,2
inzet,5
ieder,3
inzie,4
iepen,3
innen,5
inruk,5
inlap,2
insop,3
igors,2
insta,4
ikers,3
indik,3
inwon,4
items,3
inpak,3
intik,5
inzat,4
inr1d,2
insla,3
inlas,3
inr1g,3
ierse,3
immer,3
infra,3
image,3
innig,4
idees,3
inm1n,4
inval,2
inzak,4
inuit,4
inham,5
indut,4
imkes,2
inhak,5
inzag,4
ippon,2
ivors,3
ingaf,5
imans,2
inbox,5
iains,3
imago,2
icoon,3
inpik,4
islam,2
invul,3
iebel,2
inzit,5
inwit,6
ilans,2
iekes,3
inwin,5
ilias,3
immes,3
ivars,3
imads,3
ismes,3
ipods,3
induw,5
ibans,3
input,5
ivans,4
idool,2
inb1t,5
iwans,5
ilses,3
ind1k,4
ivoor,2
insuf,5
icing,3
intyp,4
inw1d,3
imams,4
issue,3
izaks,3
inw1k,4
isaks,4
ink1k,5
jouen,1
jolen,2
janes,2
janet,3
jagen,3
joden,3
jonge,2
jeton,2
jonde,3
jaden,2
jaren,4
jopen,4
jonas,2
joule,2
jalon,2
japen,5
junes,2
jodel,3
joken,5
jongt,3
juten,2
jonen,6
jolde,3
joude,3
jeans,2
jongs,3
jaste,2
jogde,3
joelt,2
junta,2
joans,3
joint,3
jodin,2
janus,3
jawel,3
joels,3
jouwe,4
jades,2
jeint,3
jende,3
jofel,2
juans,3
javel,4
jamde,3
japon,3
jobde,4
jingo,2
jager,4
jelui,2
jaces,3
jeugd,2
jians,2
jankt,3
jokte,3
jokes,3
jakes,4
jorns,3
johns,4
jemen,3
jubel,2
joses,4
jatte,3
j1den,3
joept,3
jolig,3
jouwt,2
jabot,2
jambe,4
jeens,3
jeukt,3
jukte,3
joeps,3
jasje,3
judas,2
jings,3
joolt,2
junks,3
jaagt,3
jaans,3
jorts,3
joego,4
jajem,5
joker,4
jutte,4
jahwe,4
juist,3
jozef,3
jezus,3
jubee,3
jhons,3
jorgs,3
joeys,4
jol1t,3
joost,3
japan,2
jemig,3
jords,4
jairs,3
jarig,3
jurgs,3
jihad,3
jetje,3
jumbo,2
jaapt,4
jalap,3
jookt,4
joods,3
jeeps,3
joops,4
jaars,2
justs,4
jacht,3
juuls,2
jaaks,3
jills,3
jaaps,4
jacks,3
jeffs,4
juich,3
jicht,3
jazzy,4
karen,1
koren,2
kroel,3
karet,2
kaler,2
kalen,2
koran,2
kroes,4
klare,2
kolen,3
kater,3
korte,3
koter,3
kloet,3
kriel,4
koert,2
knoet,3
klier,4
koers,3
koten,4
knier,2
krent,2
kaker,4
keans,3
kanes,2
kroep,5
klote,3
karot,3
krans,2
krant,3
karnt,2
kante,2
koker,3
knoei,2
karos,2
klein,2
kaper,5
kaken,3
koine,3
koper,4
koelt,3
koens,3
kloek,3
kreun,2
kniel,3
knars,3
kakel,3
kuren,3
kamer,6
koken,3
kapen,4
karls,3
keren,4
kalot,3
kenia,2
klant,3
kriek,3
kader,7
krank,4
kamen,5
kopen,5
kapel,4
kerel,2
koene,2
kiert,3
knelt,3
kraan,2
kreet,3
knalt,3
kates,3
knort,2
klerk,3
kroeg,6
koele,3
karde,2
kleun,3
korde,3
koket,3
kaden,6
komen,6
krast,3
karst,3
keilt,2
kleur,3
kenau,3
keurt,3
kliek,4
krols,3
krats,3
knies,4
krees,4
klont,3
karts,4
kelen,3
koerd,4
kakte,3
kerst,2
krakt,4
kanis,2
kalis,3
klank,2
kaste,4
kalme,4
kraal,4
kilte,3
klaar,3
kerkt,3
keurs,3
kuier,5
kazer,8
kient,3
knarp,3
koste,3
kagen,7
krept,3
koest,3
koekt,4
kielt,3
koets,4
kapte,5
kerks,3
kreek,2
kalde,4
kloef,4
keien,4
kuras,2
kolde,3
kogen,7
kermt,4
kopra,3
keert,4
kramt,2
kopte,4
kopie,4
kents,3
kopal,3
kadet,2
kazen,8
klats,3
kauri,3
korst,2
kants,3
kogel,3
korre,4
kopse,4
klonk,3
kreuk,4
klets,4
keten,5
kraai,5
klakt,4
kozen,8
kanen,9
kruin,2
kalkt,4
kades,3
kreng,3
kiene,3
koven,9
knakt,3
konen,10
kropt,3
kavel,5
kabel,6
ketel,2
keuls,3
kaart,2
kaars,3
klept,3
keker,3
kovel,4
kromt,4
klapt,3
kroon,3
kraak,6
kneus,4
koala,3
klost,3
kapot,3
kirde,4
keelt,3
krult,4
krist,2
keper,3
knapt,4
klove,4
keken,2
klemt,4
klots,3
kulas,3
kelim,3
kerft,5
klaas,2
klief,4
kendo,3
kwart,3
korps,3
kladt,5
kafir,3
kalle,4
kebon,3
knots,3
klokt,3
kefir,3
kaans,3
klink,3
kepen,6
krikt,3
kruit,3
kolkt,3
karig,4
knokt,3
kneep,3
kanon,2
kiest,3
klopt,4
kiese,4
krabt,5
kikte,3
kobes,3
kiste,4
kuise,3
kruis,3
kiekt,4
kloon,3
kreeg,5
kilde,3
koude,4
kluns,3
kapok,4
kroot,5
kwant,3
kween,3
kraam,3
knorf,3
klist,2
kaait,3
kleed,3
kwelt,4
kadee,4
knopt,3
korft,3
knaak,3
kiept,5
kipte,5
kramp,3
kieks,4
kwark,4
kroos,4
kliko,3
kemel,3
kneed,4
kalft,5
krauw,4
kodak,3
kweel,3
katte,3
kleum,4
kamde,3
kluit,3
krapa,4
kiemt,6
kalig,4
krukt,5
kruik,3
karma,3
katje,2
kulde,4
klikt,3
kiosk,3
kleef,4
kuste,4
kluis,3
kunde,3
k1ker,4
kotje,4
kepie,3
knikt,2
kwiek,4
kasje,3
kilst,3
kring,3
knaap,3
krook,3
kurts,3
kraag,3
kaast,3
kloot,5
kende,3
kaard,4
kromp,4
keest,3
kweet,3
kilts,3
kever,4
k1ken,4
kruip,4
kuilt,3
klimt,4
kurkt,3
klauw,4
kegel,4
kwade,2
kolft,4
knipt,3
kr1ns,4
klamp,4
kaats,3
knauw,4
kezen,7
klust,4
kyles,4
karaf,4
kaakt,4
kille,3
keept,4
keven,8
kenen,9
kwast,3
klooi,3
kanji,3
kluts,4
kruim,5
krill,4
kling,3
kolos,3
kribt,4
kapje,4
knust,4
kwats,3
kwaal,3
kauwt,4
kozak,4
kunst,4
kampt,3
kroop,4
kopje,4
kooit,3
komst,3
kruid,6
kwets,4
kevel,5
kaapt,3
klaag,3
kwekt,4
kwakt,3
krimp,3
kwint,3
klaaf,4
kaamt,5
kaaps,2
kweek,3
knaag,4
kwelm,4
klomp,4
komaf,4
kefte,3
khmer,5
knook,3
kouds,3
karw1,5
kieuw,5
kimde,3
kr1st,3
kitte,6
kinds,3
kuist,3
kruif,7
kled1,4
kevie,4
koost,4
koord,3
kodde,4
k1ver,6
kafje,5
kamig,4
kokos,4
kom1n,2
kand1,3
knoop,3
kings,4
kawai,4
kookt,3
kutje,4
kluft,4
kuipt,3
k1ven,4
ketst,4
ketje,4
kolom,3
kluif,4
kwaak,3
keuze,4
koopt,4
kabas,3
kusje,3
kipje,5
kuurt,3
kogge,5
kloof,3
komma,3
krimi,4
kotst,5
kluut,5
kobbe,6
kazak,3
kimme,4
kasba,3
kebab,3
kekke,5
koz1n,3
kajak,4
kwips,3
kuift,4
kassa,4
kr1gt,5
kon1n,4
kwaad,4
kidde,4
krach,5
kn1pt,4
klojo,4
kudde,4
kw1nt,4
kinky,3
kw1lt,4
kegje,3
kitst,3
kappa,3
k1kje,5
kickt,4
kicks,3
kegge,4
kubbe,5
kocht,4
kaffa,4
kruch,4
kubus,4
kucht,4
lento,1
laten,2
lente,2
lenes,2
leien,2
liane,3
loten,2
lener,3
lange,3
lengt,2
larie,2
lones,2
lagen,3
latei,2
lenig,3
later,3
lunet,2
laren,4
leren,3
leans,3
lande,2
legen,4
logen,2
lease,3
liter,3
leins,3
laden,2
laste,3
laser,3
lende,3
lemen,5
laven,5
lunes,3
leunt,2
linde,3
luien,4
leden,6
lazen,6
loden,3
lires,3
laken,7
lager,4
lenze,4
lamet,3
logee,3
leste,2
leven,7
loven,4
loser,2
linze,3
lores,3
linke,4
lezen,8
leken,9
loken,5
lozen,6
large,3
lopen,7
loste,2
lavet,4
lades,4
leger,3
leurt,3
leute,3
leent,3
lader,5
legio,2
lutes,3
langt,2
loeit,2
leges,2
lapte,4
lakte,2
lanen,3
lomer,3
langs,3
luier,3
loges,3
lumen,3
loket,3
larve,4
leidt,3
linie,5
lenen,4
lazer,6
leder,4
lakei,3
lians,2
landt,3
lelie,4
lat1n,2
longs,2
lonen,3
lakse,4
lover,4
lorde,3
lands,3
lieve,4
lodes,4
lapse,3
loipe,4
liman,3
lozer,5
loert,3
likte,3
leper,3
lipte,3
laaie,3
loper,6
lever,5
lezer,6
lepte,4
limes,3
lokte,3
leert,2
l1nde,4
lives,4
lekte,5
liens,3
lunst,3
lings,2
l1men,4
loens,3
lepra,3
lizes,5
latje,3
l1den,3
leest,3
lamel,3
logde,3
latex,4
latte,5
l1ven,4
lekst,4
lonkt,2
linkt,4
legde,3
leers,3
lalde,4
lotje,3
l1zen,5
leegt,4
largo,2
leuke,3
luwen,5
luide,4
loets,3
lapel,4
lukte,4
leahs,3
ledig,3
l1ken,6
leuze,4
leemt,5
liegt,3
links,3
lette,6
liams,3
lesje,4
l1mer,3
lukes,3
lupes,4
logst,2
lompe,5
lises,6
l1der,4
lesbo,3
lelde,5
liaan,3
lolde,4
lilde,4
lauwe,5
lorre,4
lotus,3
leuks,4
level,4
lepel,4
label,5
l1nen,4
leekt,6
lamst,3
losse,3
luits,2
luist,2
lords,3
linns,4
lutje,3
luwer,4
lakst,4
libel,4
logge,4
lamme,6
luces,5
luwte,4
lusje,4
laait,3
lapje,4
lulde,4
luxer,5
luxes,6
lispt,3
loont,2
loeks,3
lidje,3
looit,3
loeft,4
litho,2
lemma,4
l1mde,4
leeft,7
likje,4
lekje,4
lipje,5
lubde,5
luimt,3
lasso,3
luidt,4
lycea,3
lomig,4
lafst,5
lyons,2
lokus,3
laars,4
lekke,4
liefs,4
lobje,5
louks,4
lel1k,4
luikt,5
loost,3
lurkt,3
luwde,6
lumme,5
latuw,3
leeuw,4
lebbe,5
laffe,7
limbo,3
locus,4
laadt,3
loogt,3
logos,3
louws,4
lavas,4
l1fde,3
laakt,4
luwst,3
looms,3
loodt,4
l1kje,4
l1mig,3
limit,4
lynns,4
loods,2
luuts,3
l1vig,4
loopt,5
l1zig,5
loops,4
laaft,5
lysol,3
lunch,3
lymfe,4
lycra,3
l1fje,4
lacht,4
lotto,2
looft,6
lullo,4
l1kwa,3
lucks,2
licht,4
lupus,3
luuks,3
luucs,3
lynch,4
lucht,4
lolly,3
lobby,4
mater,1
maten,2
manie,3
maner,2
metra,2
motie,3
moten,2
maren,2
mirte,3
metro,2
maler,3
moren,2
mensa,2
malen,3
mares,3
motel,3
morel,3
menie,3
manse,3
maden,3
malie,3
minor,2
morse,3
marot,2
motse,4
morin,3
mores,4
mines,2
meson,3
molen,3
meter,2
meten,3
media,3
merts,3
moeit,3
matse,2
mande,4
medio,3
monde,4
magen,4
marde,2
meier,3
mager,4
morde,3
meren,3
miste,3
mengt,4
mokte,3
miert,3
maken,3
maker,5
manke,5
moker,3
mogen,4
moert,4
menig,3
meien,3
minde,3
marge,3
magie,4
merkt,3
merel,3
molse,3
malse,2
melis,3
meres,4
mikte,4
model,3
melen,4
mades,4
mimer,2
maori,2
modes,3
malde,4
meurt,2
mango,3
molde,3
marlt,3
moest,4
marts,3
morst,2
mondt,3
meden,4
mimen,3
manen,5
meldt,4
mende,3
makel,2
miese,3
muren,4
milde,2
muien,4
meeat,2
miens,3
mankt,4
motet,4
minst,2
meert,3
movet,2
magot,4
mikes,3
meent,3
musea,2
mooie,4
melkt,3
manou,3
merci,3
motte,2
mailt,3
moede,4
motje,5
matte,3
mazen,6
mekte,3
moeke,4
markt,4
melig,4
matje,4
mirre,3
minne,4
m1ter,3
maait,3
maske,3
matig,3
moven,5
manco,4
m1ten,4
meute,3
m1ner,4
maart,3
mixer,3
mimes,4
maant,4
modem,4
mafte,2
malst,3
meega,4
mixen,4
melde,4
miels,3
meers,2
misga,2
momde,4
mixte,4
mazel,3
meest,4
macro,3
meukt,2
mails,3
menen,3
moves,4
malve,5
memel,4
mings,3
minks,3
medoc,3
motor,2
micro,3
malle,6
mezen,5
major,2
molik,3
metst,3
mille,3
manga,2
minus,3
m1len,5
m1den,5
marcs,3
makst,3
maans,3
mulat,2
mixes,5
misse,4
molmt,3
maast,5
maalt,2
malta,3
m1nde,5
mixed,3
maiks,4
mungo,2
maats,3
mepte,3
mikwe,5
maand,4
maakt,6
mekka,5
majem,4
minhs,4
mesje,4
mauve,5
murwe,4
meer1,3
makke,6
matts,2
matst,3
muzen,5
moois,4
malus,4
m1mer,3
moons,3
muist,3
motst,2
mauds,4
manna,3
modus,3
m1kes,4
moors,2
mahdi,4
mafst,4
moogt,4
mulst,3
mitst,3
mikwa,3
muikt,3
mufte,3
moord,3
meluw,3
m1nen,4
mokka,3
m1tte,3
mauwt,5
macks,5
mulle,4
mofje,4
meel1,3
musje,3
maagd,3
mafje,4
mopje,5
malls,4
match,4
mapje,5
mogol,3
mugje,4
miauw,3
murwt,3
macho,4
macht,6
mythe,3
micks,3
mezzo,4
maggi,3
maffe,5
motto,3
mocht,5
meeuw,4
magma,3
madam,3
massa,4
makam,4
mufst,4
musts,3
muzak,3
mamba,3
mamma,4
muffe,4
natel,1
natie,2
noten,2
naden,2
nonet,2
notie,3
nadoe,2
noren,3
nader,3
naste,2
narde,3
noden,4
natin,2
neten,3
netel,2
namen,3
norse,3
nerts,3
neren,3
neals,2
neder,3
novae,2
noria,2
nomen,3
nopte,3
nagel,2
nopen,3
nemer,2
nazet,2
naven,4
nepal,2
neger,4
nines,4
nokte,3
naken,5
neigt,3
nerds,3
natte,3
navel,3
nipte,4
negen,3
neils,2
nemen,3
nakie,3
natje,4
nepte,3
noers,4
neles,2
noest,3
nadir,3
noemt,4
noels,3
nepen,4
nobel,2
nazie,4
naait,2
nekte,2
niest,4
nikte,4
nands,3
niens,3
neemt,3
niets,3
n1gen,4
nab1e,4
neust,4
n1per,3
nogal,2
norst,3
nails,2
nat1d,3
nawee,4
netto,2
neven,5
nevel,3
nazei,3
nonen,5
nards,3
nette,3
neels,3
nazeg,4
nazit,3
n1pen,4
nurse,3
n1ver,4
nadat,3
netje,3
neukt,3
nolle,3
noams,3
nazin,4
netst,3
namat,4
nikes,4
nixen,5
nap1n,3
naast,3
n1das,3
negus,2
nulde,3
naims,4
nozem,3
nells,4
naars,2
nodig,3
nadar,3
noahs,4
nonna,3
nutte,3
nooit,2
nalas,3
naald,3
nauwe,5
napje,6
natst,4
nieks,4
nasla,3
nakom,4
nisje,4
nouts,3
naakt,4
nesse,3
noodt,3
nazat,5
nasrs,3
nours,2
negge,3
nipje,3
nylon,2
neppe,4
naoog,5
nikab,3
n1dig,3
nouds,3
naams,3
nekje,4
nebje,3
noopt,4
nieuw,3
nebbe,4
noord,3
naw1s,5
na-1l,2
noors,3
nafta,3
niche,4
nacht,3
nulr1,3
nazag,3
nanny,4
nabob,6
nagaf,4
nurks,3
novum,3
nutst,2
nicks,3
nicht,3
nak1k,4
nappa,4
nufje,3
nimby,4
nihil,2
orden,1
onder,2
optie,3
olmen,4
onzer,2
optel,2
oneer,3
oplet,3
orgel,2
orgie,2
oliet,3
omber,3
ooien,5
orale,3
opril,3
opent,3
ongel,3
oenig,3
omver,2
omers,2
omrit,2
ordes,2
oprek,3
opeis,3
opleg,3
opeen,3
olies,3
oprit,3
omleg,4
opzie,4
onera,2
omzie,4
opeet,3
oasen,3
omzei,4
opens,2
opzei,3
opzet,4
oanes,2
opper,3
optil,3
omzet,3
opera,3
onkel,4
ouden,2
opart,3
opwel,3
onwel,5
opnam,3
opels,2
onzes,3
omzeg,4
onnet,3
opzeg,4
omweg,5
opbel,4
ouder,2
oempa,3
oenes,3
omina,3
otter,4
oprui,3
onnes,4
opmat,3
opoes,5
oblie,3
opdoe,2
omdoe,3
onsen,2
ogend,2
omars,3
oprol,3
oprot,3
omrol,3
opzit,3
order,3
odeur,2
opake,4
omwip,3
omzit,3
obers,3
onsje,3
oefen,4
onurs,3
onwil,3
ontga,3
oever,3
opdis,3
ogief,3
ossen,4
onmin,2
optas,3
onr1m,2
omega,3
otjes,4
opium,3
omdat,3
ouwel,3
oreer,3
oeros,3
opdat,4
oplas,3
olegs,3
opwek,6
oksel,4
owens,3
odins,2
overs,4
oenen,3
onzen,3
opr1t,4
ovens,4
ovale,3
otium,3
onr1p,3
opzat,3
onwis,2
omsta,3
ounce,4
opsta,3
ottes,3
omsla,3
opsla,4
oxers,5
opkan,3
opruk,4
opheb,4
omwal,3
olles,4
ofwel,4
ohmse,3
oml1n,3
oogde,2
oraal,2
omkat,2
opvis,4
offer,5
omarm,4
ohade,3
ophef,5
omzag,4
opsom,4
omvat,3
omr1d,2
opzag,4
omval,4
omgaf,5
opkam,3
opvat,4
oxide,4
oplos,4
opr1s,5
omwas,4
opval,4
okapi,3
ojief,4
opr1d,3
opgaf,5
odium,3
oscar,3
onzin,3
oases,4
ootje,3
opwas,4
oppor,4
opaal,5
oplap,4
ol1ke,4
opvul,3
opkom,3
onnut,4
oudje,3
opjut,4
olafs,3
okans,3
ophad,2
oogje,4
octet,4
oudst,2
oo1se,4
oribi,3
olavs,4
okkes,5
opzak,3
omhul,4
onvr1,3
opduw,3
oogst,4
oppas,5
omduw,4
oasis,4
opbak,4
opdof,3
oppik,3
oppot,5
opvr1,4
oehoe,4
omhak,3
omd1k,4
onw1s,3
opbod,3
opkap,3
opaak,5
olofs,4
oppak,6
opfok,4
ovaal,4
oph1s,4
omkom,3
omk1k,4
opk1k,3
obool,4
paret,1
porie,2
paren,2
pater,2
parel,3
palet,2
panel,2
poter,2
palen,3
polen,2
plane,3
pioen,3
parse,2
poten,2
prent,2
priel,3
poert,3
pasen,3
plano,3
posen,3
piano,3
pront,2
porti,2
paste,2
plein,3
prion,3
pleit,3
patio,3
plant,2
paper,2
piert,4
porem,3
penis,3
perst,2
plans,3
peilt,2
peins,2
pairs,2
prots,2
prest,3
pions,3
plens,3
pager,3
print,3
poets,3
plons,3
poker,2
polis,3
papen,4
piens,3
prune,2
potas,2
plint,3
ponem,3
puren,2
pinas,2
palts,2
poger,3
popel,3
pesto,2
porde,3
piste,3
papte,3
popen,4
plets,3
ploeg,3
paria,2
pakte,4
prins,3
poken,5
plats,3
ponst,3
puien,4
poule,3
plast,3
plots,2
piets,4
priem,4
polst,4
peurt,3
paden,5
praat,2
prime,3
prakt,3
piest,3
peren,3
perkt,3
pokte,3
popes,3
pleur,3
prees,4
padie,3
pogen,6
pronk,3
poema,2
prang,3
pleet,3
panen,3
pipet,2
pages,3
prima,3
prove,4
poept,3
peter,3
paait,3
power,4
propt,3
polka,3
piket,3
piepa,3
praal,3
pover,5
paart,2
praai,2
pelen,3
polak,3
proef,3
palmt,3
ponen,7
porno,2
papil,4
pacet,3
pacen,6
plank,4
panne,4
pilde,3
proza,3
pozen,8
primo,2
p1ler,4
peten,3
pinde,4
part1,2
plees,4
porto,3
pasar,3
plaat,4
pikte,4
party,3
paalt,2
plakt,5
p1len,4
polio,3
pruis,3
plekt,3
podia,3
parbo,3
plaid,4
puste,4
peies,3
pandt,4
piept,4
plagt,6
piekt,5
pleng,3
potte,4
puree,3
paars,3
pluis,2
pipse,3
pafte,5
pauls,4
potje,3
peelt,3
prikt,3
putse,3
pruts,3
pinda,3
par1s,4
pikol,3
poort,3
pingo,3
pangs,3
pixel,4
pangi,4
puilt,3
potig,3
poeha,3
pooit,3
pasje,2
pasta,3
peers,3
panty,3
poses,4
preek,3
pofte,5
pinkt,4
passe,3
pedis,3
pitte,3
prooi,3
ploot,4
prior,4
porum,3
pitje,3
praam,4
puike,3
pilav,3
pylon,3
plooi,3
ploos,4
peest,3
peper,4
parka,3
pulst,3
piais,3
paukt,5
prefs,3
puist,2
psalm,3
pauze,5
pruim,3
pools,3
profs,4
pruik,4
poefs,3
pekel,4
pluim,3
plebs,4
pepte,3
poost,5
pleeg,3
pipst,3
p1per,3
pr1st,4
papje,3
ploft,4
puber,4
pegel,4
pedel,5
pupil,3
pakje,4
pelde,3
promo,3
passt,3
patst,4
pekte,4
pepes,4
plemp,4
plaag,4
polls,4
plukt,3
pende,3
popje,4
prauw,4
pulkt,3
plomp,3
panda,2
parwa,4
p1pen,4
p1ken,5
panna,3
paaps,3
putte,4
plurk,3
paard,3
plugt,4
pompt,4
puimt,4
p1pte,4
putje,4
padje,5
peluw,4
penen,4
p1nde,3
punks,3
pezen,5
pookt,3
pufte,5
pr1kt,4
p1kes,4
phils,3
pykes,5
pitst,4
patat,3
pezig,3
putto,3
poogt,4
p1nen,3
petje,3
provo,3
pak1s,3
pasja,4
p1nig,3
packs,4
puurt,3
penny,3
prach,5
putti,3
p1tje,5
proxy,5
pampa,3
paddo,3
paffe,6
pubis,3
pulls,3
puurs,4
putts,3
pusht,3
pukje,4
pizza,3
pacht,6
patch,4
putst,4
pocht,5
pumps,4
pappa,4
pitch,3
p1pje,4
pucks,4
paddy,4
punch,3
puppy,4
qatar,1
quant,2
quota,3
quote,2
quark,2
quasi,2
quilt,3
query,2
quads,3
quins,2
queue,3
roten,1
raten,2
reten,3
renet,2
ronde,2
raden,4
rotan,2
rente,2
roden,2
ramen,3
riten,4
romen,3
ranse,3
r1ten,5
reien,3
ranke,3
range,4
ragen,5
raken,6
roken,4
reden,4
ratel,2
rende,3
ratio,2
radon,2
ramee,3
raket,2
ranze,5
reine,3
roste,2
razen,7
rozen,5
raven,8
regen,5
route,3
roven,6
rokte,4
reuen,2
reset,3
rozet,2
roeit,3
reken,6
r1den,4
rapen,9
randt,3
roman,2
relen,7
roede,3
rinse,3
risee,3
regio,2
rodel,3
rites,3
reins,2
realo,3
reent,3
reide,2
r1men,4
retro,2
racen,10
radio,2
rondt,2
ramde,3
reist,3
retor,3
reilt,4
racet,3
rekte,3
rezen,8
ragde,4
r1gen,5
ritme,3
r1nse,4
ramin,2
rages,3
repen,9
reven,10
rapte,3
rolde,4
regie,3
runde,4
ropte,5
ranst,2
redes,2
rankt,4
reikt,2
ratje,2
riant,3
ruien,3
r1ken,6
rotje,2
recto,2
rader,3
roans,2
robes,3
ronkt,3
riste,3
rikte,3
regde,3
recta,3
runes,2
remde,4
relde,5
roemt,4
ratte,3
r1zen,7
roder,2
rakel,4
repte,4
roest,3
rivet,4
r1ven,8
rouge,2
regel,3
r1pen,9
romer,3
rotte,3
raker,4
rooie,4
reuma,4
ravot,2
rayon,3
rodeo,4
resem,3
rekel,4
reder,3
rilde,3
r1mde,4
rowan,3
rav1n,3
roker,4
ripte,4
renen,11
rob1n,3
races,4
radje,3
rebel,5
r1les,4
roert,5
roz1n,4
roept,6
ruide,3
rians,2
ruste,4
radst,4
r1der,4
r1pte,4
ritje,3
rukte,3
r1dek,4
riens,3
ribde,4
ribes,5
repel,6
rinst,3
riemt,3
r1nen,10
r1tje,4
raids,3
rover,5
reept,3
ringt,3
rogje,3
riets,4
r1mer,4
ritte,4
reeds,3
roses,4
rambo,3
ready,3
riekt,3
ruime,3
racer,4
reuze,3
rad1s,3
reces,3
rokje,5
radde,5
revue,4
reaal,3
repro,4
raait,4
rauwe,4
rasse,4
ruige,4
rouwe,3
rosse,6
r1ker,3
riads,3
rails,2
ruwen,4
r1dag,3
rekje,4
redde,6
ruzie,4
rafel,4
rogge,3
roers,3
runen,5
relax,4
rondo,3
reeks,3
raspt,3
rapst,3
rooit,3
rioja,3
raadt,3
rebus,4
r1per,5
rinks,3
remix,3
ruwte,5
reeft,4
rials,3
romig,3
r1weg,4
rasta,3
raamt,4
raast,5
rekke,5
rappe,5
rauls,3
rebbe,5
raagt,5
ritus,2
rille,3
ruwde,4
ratst,3
r1pad,4
ruist,3
r1ers,3
rilst,2
radix,3
raakt,6
reiki,3
rabat,4
radii,4
ruimt,3
roots,3
ruilt,3
r1bak,4
ryans,3
roost,4
roefs,4
recht,4
roomt,5
rockt,3
rookt,2
r1kst,4
ranja,3
rugje,3
riyal,3
reeuw,4
ruikt,4
rozig,3
rotst,2
raapt,7
rouwt,3
ribbe,4
r1vak,5
robot,3
ruwer,5
ranch,4
roods,3
radar,3
rotor,3
riool,3
rulle,4
r1pst,4
rulst,3
rumba,4
r1hal,3
r1kop,3
ramsj,3
raars,4
rul1s,3
r1l1n,3
riagg,3
ritst,3
rabbi,4
rooms,2
rixts,3
r1zig,3
raufs,5
rouxs,3
ralfs,3
r1t1d,3
radja,4
ruift,5
ruche,5
rooft,6
rolfs,4
ruths,3
ruwst,5
ricks,3
richt,3
ruuds,3
rally,3
rugby,3
riziv,4
stoel,1
stoep,2
stoer,3
snoet,2
store,2
stoei,4
sliet,2
salet,3
spert,3
steno,2
spelt,2
stiel,2
steil,2
sealt,3
stier,3
stern,2
sloep,2
stelp,2
snelt,3
snert,4
siert,3
spoel,2
spant,2
sprot,2
snoep,2
spore,3
stola,2
strop,2
steak,4
sport,3
slapt,3
sepot,2
snoer,3
seint,3
steur,3
steun,3
stolp,3
sater,3
snort,4
snapt,3
solen,2
sliep,2
strem,3
snoei,4
strek,2
sprei,3
sleet,3
slier,3
spier,3
snerp,3
sopte,3
sterk,3
smelt,4
split,3
spekt,4
speet,3
stres,4
soera,3
skiet,3
steel,3
spint,3
spilt,2
strip,3
stoet,5
steen,3
salut,3
salie,3
smoel,3
stele,3
stens,3
slipt,3
slome,2
strak,2
siena,3
stank,3
stram,3
snoek,5
slorp,3
skate,3
stalk,3
scant,3
sleur,3
slokt,2
stoma,3
smart,3
stonk,4
smalt,3
speur,4
storm,3
snakt,3
salto,2
sterf,4
sitar,3
stras,4
stage,3
smolt,3
stans,3
spurt,3
sluit,3
steps,4
stomp,2
stamp,4
salon,3
snokt,3
stars,3
sonar,2
short,4
spuit,4
score,2
stulp,3
suite,3
state,4
stros,3
sloef,3
scone,3
snoes,6
stuip,4
sajet,3
slemp,3
snuit,3
suilt,3
spion,3
slaat,4
spaat,3
slenk,4
straf,5
sarin,3
spoed,3
stiet,4
stand,4
staal,2
sleep,3
shopt,3
saste,3
steng,4
stelt,4
spiek,3
sores,2
sloeg,4
seist,2
sloft,3
staar,3
scope,4
smout,5
savet,4
snoef,7
slikt,3
samen,4
snerk,4
stond,5
staan,3
speel,2
sepia,3
smeet,4
slice,3
stops,3
speer,2
strik,3
stink,3
speen,3
scout,6
steek,3
stang,5
stept,3
shirt,4
sneep,3
spike,4
snikt,4
super,3
softe,3
sprak,4
skeet,2
sheet,5
spies,4
sites,4
sloot,4
slank,3
seans,3
slist,4
spats,3
spalk,3
stalt,2
stool,2
sneer,3
snode,3
start,4
slonk,3
sarde,4
spoot,2
sjoel,4
stoor,4
strot,4
saust,3
spade,3
stolt,4
slomp,4
stort,5
smeul,2
stins,4
soesa,3
stoop,3
style,3
spots,3
safer,3
snoot,3
siste,3
speld,3
soort,3
smakt,4
solde,2
snoge,4
scalp,4
soeps,2
smult,4
scrol,2
smokt,4
slurp,3
siens,3
spied,5
snork,4
sonse,3
sjort,5
saaie,3
slons,4
shunt,3
smoes,3
sluip,3
stapt,5
steef,4
stoms,4
stopt,4
spons,2
shake,4
stuik,4
sjapt,3
stefs,5
snars,3
stock,5
sagen,5
sneue,3
spahi,3
seraf,4
sujet,4
serie,4
slaap,4
sieps,2
saoto,3
stemt,4
stout,4
sisal,3
spaar,4
suste,4
sedan,4
soaps,3
sjerp,4
sleuf,2
steeg,5
sonde,3
soefi,4
staak,3
sipst,3
salmi,3
sabel,3
slink,3
skaat,4
stekt,5
sober,3
stilt,3
snaar,4
sp1er,4
spits,3
slaan,4
surah,3
spaan,4
speek,4
stads,4
spl1t,3
sekst,3
satan,3
stafs,5
slibt,5
slang,4
sions,3
schat,4
smeer,4
surft,3
snuft,4
saven,6
sloop,2
sakes,3
skimt,4
serum,5
suist,4
sufte,4
scrip,3
stylo,2
solex,3
sloor,3
spang,3
spoor,3
stouw,5
stamt,5
snaai,5
soeks,3
sl1pt,4
sauls,3
spong,3
sopje,3
stuif,3
schot,3
smots,3
snibt,5
saldo,2
saxen,7
sinas,3
stoom,4
stipt,5
scene,4
stook,3
sulde,3
spins,3
sapje,4
s1pel,3
sekte,3
siems,4
stunt,4
snees,3
stokt,4
slips,2
sozen,3
shots,4
staaf,4
slump,4
stick,4
sesam,3
slooi,4
sluik,3
sleed,3
snurk,3
shans,2
snack,4
saldi,4
somde,4
slede,5
slash,3
sereh,3
stuit,5
smukt,4
spray,4
scans,3
sades,4
sjokt,5
safes,5
silex,3
sauna,3
schep,3
sneef,4
smeue,4
spuwt,5
staag,5
shais,3
schel,4
showt,5
speed,5
sat1n,4
slaak,4
sluwe,3
servo,3
seths,3
shift,4
stuks,3
sluis,3
sneed,5
sappe,3
staat,6
snede,4
sifon,4
stuur,3
spaak,3
sfeer,5
smaal,2
skald,3
stoft,6
suave,4
snaak,3
schei,4
saudi,4
sound,3
stoof,5
signa,4
sl1mt,4
simde,3
smeek,4
shops,3
schal,4
slook,5
sokje,4
stikt,4
salvo,3
slims,3
sloom,6
schap,4
schar,4
sjirp,4
slurf,4
snauw,4
sjilp,3
stigs,5
scala,4
str1k,4
sumak,3
smous,3
sluif,4
sjeik,3
salam,4
spouw,4
schol,3
smoor,4
shell,3
sippe,3
schor,3
seder,3
stoot,6
spook,4
schop,3
schut,5
swens,3
slaaf,4
setje,4
saars,3
snuif,4
shawl,3
saais,4
skins,4
softs,3
spaad,5
scoor,4
saifs,3
saids,4
serge,4
smack,4
slums,3
svens,4
small,3
st1ve,4
sinus,3
scoop,3
sp1st,4
shoah,4
slaag,5
sikje,4
stift,4
scrum,4
sjans,4
spruw,4
siebs,5
sinti,3
sufst,4
salsa,3
smeed,5
str1d,4
sjako,3
smash,3
sloof,7
shogi,5
skips,3
syrah,4
sjons,4
sn1dt,4
sinjo,3
schil,3
swami,4
schip,3
soois,4
serre,5
smaak,4
serve,3
sjaal,3
sigma,4
snood,3
snobs,3
snoof,4
sylfe,3
stuft,4
sekse,4
smurf,4
sambo,4
swaps,4
schee,3
spoog,5
sp1ts,4
shiva,3
sicav,5
shock,3
smook,4
songs,3
somma,4
schok,4
sushi,3
sabra,4
sirih,4
sjees,4
smaad,4
scheg,5
skyes,4
sold1,3
sinds,4
stuwt,5
suzes,4
schaf,5
stuff,4
sepps,3
shoyu,6
sjefs,4
sikhs,3
saads,5
shows,5
scrub,5
s1zen,5
sjahs,3
schim,4
schik,5
sch1t,5
suffe,5
summa,4
skunk,4
sulky,4
shahs,4
swing,3
sibbe,5
secce,4
sorry,3
sjouw,5
schab,6
sfinx,4
schob,5
samba,4
st1ft,4
sybes,5
s1sje,4
spuug,4
schud,4
sjwas,4
squaw,4
st1gt,4
swipi,4
sch1n,3
skiff,4
schuw,5
schub,6
sch1f,5
tenor,1
toren,2
toner,2
trien,3
trein,3
train,2
toean,3
trens,2
tiran,3
tater,3
trans,3
tines,2
teren,2
toten,2
toert,3
troel,2
tante,3
turen,3
trias,3
titer,2
trees,3
tiras,3
talen,4
tuner,2
tarot,2
terts,3
tarnt,3
torns,2
terne,3
tetra,3
trant,4
tapen,5
tiert,3
troep,3
tinas,3
taken,3
tiens,3
tuier,3
tornt,3
treil,3
token,3
talon,2
tians,3
trage,3
tomen,4
trast,2
tunes,3
teint,3
traan,3
teers,3
talie,3
trema,4
timer,3
togen,5
tuien,2
tapes,3
tarde,3
teuns,4
trial,3
terig,3
titan,3
teler,2
takes,3
tokes,3
tarok,3
toets,2
troef,4
teert,2
taste,3
timen,3
torst,3
tapet,3
toste,3
tanen,3
trots,2
trost,3
torus,3
toast,3
trend,3
tonen,2
trams,3
tonde,3
tapse,3
terra,3
trits,3
truis,3
tuten,3
teams,3
tours,4
treek,2
treem,4
toges,4
tergt,3
tapir,2
telen,2
tarwe,4
tonus,3
tronk,3
toega,3
tinto,2
titel,3
topse,3
tahoe,2
temer,3
trekt,3
totem,3
tango,3
tapte,2
troon,2
taaie,4
tesla,3
tenue,2
tobes,5
tulen,4
takte,4
tanks,3
tokte,3
trash,3
tramt,3
taboe,3
topte,4
trapt,4
tover,2
takel,4
turnt,3
terug,4
tahin,2
tanig,3
trafo,3
teken,3
temen,4
tipse,3
tetse,3
tiaar,3
tiara,3
tankt,2
toorn,3
treef,5
trays,4
treed,6
tinne,3
trede,3
trips,4
taxon,3
tipte,3
topas,3
teder,4
tegen,5
thora,3
timet,4
treft,5
tiend,4
trilt,3
toros,3
trust,3
tromt,3
tikte,3
tsaar,3
teute,4
tabel,4
taupe,3
thans,3
taant,3
taart,3
torso,3
tafel,5
tandt,3
toeft,3
treur,3
teloh,2
tabee,5
tenen,3
thais,3
trimt,4
troys,3
thors,3
tekst,3
tuben,5
tasje,4
tript,5
tings,3
tonic,3
temet,2
tolde,4
tumor,2
thees,3
teelt,3
tosti,3
toons,2
tuint,3
twens,3
teems,3
tramp,4
tepel,3
tinkt,3
these,4
tezen,6
theet,4
twans,3
tamst,3
traag,3
taats,3
tempo,2
tubes,4
telco,3
turks,3
t1ken,4
teven,7
toont,3
teemt,3
talig,3
typen,5
tukte,4
tilde,4
tombe,4
t1ger,3
tr1st,4
tegel,4
thema,3
tuide,4
track,5
tanga,4
talmt,3
turbo,3
tromp,3
toque,4
traaf,4
trucs,4
topje,5
tuist,2
tooit,3
t1gen,4
turkt,3
tapas,3
takje,5
t1den,5
tobde,3
types,3
tjeus,4
tetst,4
tjerk,3
tests,3
taxol,3
telde,3
tolkt,3
troop,3
tufte,4
taalt,4
toost,2
trouw,4
tutsi,3
tofst,4
tarra,3
tipje,4
tofoe,3
tamme,6
tampt,4
tab1n,3
telex,4
taiga,3
tools,3
taxus,3
taakt,4
turft,4
tutje,3
temde,3
tikje,3
thoms,3
tutte,5
thuis,3
tafia,4
tenz1,3
typte,4
topos,2
talud,3
tap1t,5
tuurs,4
tsuba,4
ton1n,4
tobbe,4
topic,4
toffe,6
ticje,4
tuigt,3
toomt,4
tukst,3
totok,3
touwt,4
topoi,3
tjirp,3
tuurt,4
tists,3
tills,4
twist,3
thyrs,4
truck,3
th1ns,3
tweed,4
tipsy,3
tukje,4
tabla,3
tjokt,3
tocht,5
tjalk,4
tabak,4
tukke,4
thuja,4
tutti,3
tjilp,4
tw1nt,3
t1dje,4
tyfus,4
th1ms,4
tucht,3
teddy,4
t1dig,4
tommy,3
tafz1,4
toddy,4
th1s',3
uilen,1
urine,2
unief,2
uiten,2
uiver,2
uniek,3
unies,4
urnen,2
urmen,3
uiers,3
uraan,2
units,2
uitte,2
uitje,3
urkse,2
ukken,3
unica,3
unzip,3
urmde,3
ureum,3
uitr1,2
upper,2
ulaan,2
uitga,3
uiige,3
ultra,2
uitat,4
ulbes,2
uilig,2
uzelf,2
umars,2
uitd1,3
ugurs,3
vloer,1
voren,2
valer,2
vlier,2
vroeg,2
varen,3
volte,2
veler,3
vroed,3
vliet,2
vloei,2
vloed,3
voert,2
verte,3
vreet,3
voile,3
veter,3
velen,3
vleet,3
veren,3
vogel,2
vries,3
veilt,3
verso,3
volde,3
vlies,3
voelt,3
veile,3
vleit,2
vader,2
vlied,4
vlieg,5
vager,3
valse,4
veder,3
vergt,3
veres,2
vrees,3
viert,3
vaten,3
verse,3
venae,3
vedel,2
vilde,3
veger,4
verst,2
vuren,4
vrome,2
vr1en,3
velde,3
verga,3
veils,4
vrede,3
vozer,2
vlade,3
vlees,3
vl1en,4
vloek,4
veten,4
veert,3
veine,3
volta,3
vliem,6
vel1n,3
veelt,3
video,2
v1len,3
vagen,2
vents,3
ver1s,3
vuile,2
voedt,2
voute,3
vozen,3
veins,3
verft,4
venig,3
voegt,3
verre,4
vorig,3
vegen,3
verd1,5
vorst,2
volle,4
vulde,3
vaker,4
volts,2
vides,3
vr1de,4
vitse,2
veraf,4
v1lde,4
volst,3
volgt,3
vl1de,4
vezel,3
vetes,4
vamen,4
vreze,4
vlagt,2
viste,3
vaste,3
valst,3
vazen,5
vormt,3
vrind,3
vlast,3
veste,4
vleug,3
vlerk,2
vemen,5
vroon,2
viets,3
voorn,3
vlekt,3
velum,3
valig,3
viest,3
verba,4
vendu,3
vezen,3
voort,3
vlamt,4
vangt,3
vloot,2
veegt,3
vuige,4
viool,2
vanen,6
vr1er,4
v1gen,4
vlokt,3
v1zel,3
vieze,3
vadem,3
veest,3
vindt,3
vinex,3
vraat,2
vrank,3
vlooi,3
venen,6
varia,3
vaart,3
vitte,3
vieve,4
vroos,3
vlakt,5
v1ver,5
vatte,3
vette,4
virus,3
vunze,4
vonkt,2
vlaai,3
vulgo,3
vaalt,2
vr1st,3
vodje,3
voord,4
vlood,4
v1zen,4
volks,3
vloog,5
vurig,4
vodde,3
vraag,3
vaars,3
vlaag,3
vinkt,4
visie,3
vl1mt,3
visje,4
vanop,3
v1ven,4
vroom,4
vunst,3
vetst,3
villa,3
vrouw,3
v1and,3
voost,2
ven1n,4
vlouw,3
vivat,3
vinyl,3
views,3
vutte,5
votum,3
vuist,4
vroor,2
vr1af,3
vaagt,3
vieux,3
vaats,2
vulva,3
vazal,3
voogd,3
vuurt,3
v1fde,4
volop,3
vakje,4
vouwt,3
vaags,3
vipje,4
visum,3
vecht,4
vanaf,3
vamps,3
vocht,4
v1fje,5
vacua,4
vacht,4
vicks,3
wener,1
wende,2
weren,2
weden,2
weien,3
wande,2
weten,4
wendt,2
wenst,3
welen,5
wegen,6
weder,2
waren,2
winde,3
waden,2
weken,7
welse,4
wrede,2
weger,3
walen,3
wenkt,4
wreed,2
weids,3
wiens,2
wiste,3
wagen,4
weker,4
waste,4
wales,2
wrens,2
water,2
weide,4
weent,2
wezen,8
wreek,3
werst,2
walde,3
welde,3
weidt,3
wegel,2
wekte,2
wants,3
warde,2
walin,2
wenen,2
wangs,3
waken,5
wilde,4
werkt,3
w1den,3
weert,2
windt,3
welke,3
woede,2
wonde,4
wanne,3
waker,3
wieks,3
welks,2
w1ten,3
wrake,3
wroet,2
w1len,4
wazen,6
wiedt,3
weven,9
wapen,7
wikte,2
welig,3
winst,2
w1der,3
wreef,4
wanen,2
waels,3
weeks,3
wings,3
wrang,2
wogen,4
weegs,3
weest,3
welkt,3
w1ken,5
wroeg,3
wielt,4
wamen,8
wezel,3
weegt,4
weekt,3
wiegt,5
w1ste,3
want1,3
wiekt,3
wards,2
warts,3
wever,5
wieme,3
werpt,4
wepel,4
wipte,4
w1dte,4
walts,3
waves,3
wagon,3
werft,5
wisse,5
welnu,2
w1lde,4
warme,3
wuien,5
wemel,5
wafel,3
wasem,3
welsh,3
wring,3
wette,3
wessi,3
wetje,3
walst,3
wieps,3
wegje,4
wilds,2
wedde,5
wamde,4
wondt,3
wierp,3
wokte,3
w1nen,3
wonen,4
wierf,4
w1zen,6
weeps,4
witje,3
watje,3
wrikt,3
wigje,3
witte,5
walgt,3
woest,3
wegge,5
welft,4
weeft,5
waant,3
w1zer,4
woedt,4
w1ven,7
wraps,3
woerd,3
walkt,4
washi,3
woelt,5
wakst,4
wrong,4
wigge,4
winti,3
w1fie,3
warms,4
waars,3
worst,3
weckt,3
waait,3
w1sje,4
wikke,3
wegga,4
wordt,3
waart,3
w1dst,3
warmt,3
worgt,3
wakke,3
wrokt,4
waadt,3
waals,3
watts,3
w1dde,4
wazig,4
wicks,3
walmt,5
wasz1,3
waagt,3
wodka,3
waard,3
wasco,4
witst,3
waaks,4
wufte,4
wills,3
w1kje,4
winch,3
webbe,5
waakt,4
wauwe,4
whist,4
wolfs,4
woont,3
wybes,3
wurgt,4
wr1ft,4
wraak,3
wouds,3
wouts,4
w1fje,5
w1zig,4
warau,4
wacht,4
wuift,4
woord,3
wicht,3
wurmt,4
wulps,5
xians,1
xenon,2
xeres,2
yards,1
yells,4
yuans,2
yanks,2
yelde,2
yaels,3
yairs,2
yangs,3
yanns,4
yfkes,3
yings,3
ymkes,4
ynzes,4
yongs,3
youps,3
yvans,3
yvets,3
yvons,2
yucca,2
zelen,1
zonet,2
zolen,2
zogen,2
zegen,2
zoele,2
zenit,2
zweel,2
zalen,3
zengt,3
zeden,3
zaten,4
zetel,2
zweet,2
zagen,3
zweer,3
zoden,3
zwoer,2
zowel,3
zopen,4
zendt,4
zepen,4
zwoel,4
zwoeg,3
zeken,5
zoete,2
zemen,6
zweeg,4
zones,3
zomen,5
zegel,3
zaden,3
zoent,3
zweed,5
zonde,3
zeelt,2
zenig,3
zeilt,2
z1len,4
z1net,3
zaken,5
zweep,6
zeper,2
z1ner,3
zemel,4
zweem,7
zeven,7
z1gen,4
zwier,3
zwelt,2
zeker,3
zwelg,3
zenen,8
zonen,6
zenuw,3
zager,3
z1weg,3
z1den,4
zowat,2
zinde,3
zware,3
zomer,3
zerpe,4
zadel,2
zeikt,3
zoekt,2
zegde,3
z1pen,4
zeges,3
zwenk,4
zever,4
zilte,2
zuren,5
zamel,3
zeemt,3
zelve,2
zeurt,3
zandt,3
zeept,4
zwiep,3
zieke,3
zeult,3
ziend,3
zanik,3
zwerk,3
zover,4
zoemt,3
z1nde,4
zwade,4
zoets,3
zakte,3
zweef,8
zedig,2
zwerm,3
zodat,3
zwemt,3
zwart,3
ziedt,4
zapte,4
zwets,3
zesde,4
zwolg,3
zoute,3
zavel,4
ziekt,3
ziens,2
zepig,3
zeboe,5
zeeuw,3
zomin,2
zingt,2
zemig,4
z1nen,5
zalig,2
zette,3
zipte,3
zetje,2
zinkt,3
z1ige,4
zoals,2
zwaan,3
zwalk,3
zw1nt,3
zulte,3
zegje,3
zwakt,4
zwing,3
zoude,3
zwans,3
zodra,3
zoeft,4
zotje,4
zwalp,4
zeeft,5
zegge,4
zorgt,4
zwamt,5
zwilk,3
zotte,4
z1des,3
zwikt,4
zions,3
zulke,3
zwerf,4
zebra,4
zwols,3
zopas,3
zatte,4
zesje,4
ziezo,3
zw1gt,3
zaait,3
z1tak,3
zwaar,3
zitje,4
zelfs,2
zalft,3
zakje,3
zhens,3
z1tas,4
zaids,3
ziads,4
zoeys,3
zwaai,4
zwamp,3
zw1mt,4
zoudt,4
zaagt,4
zonz1,3
zulle,4
zoolt,3
zwoor,3
z1tje,4
zuigt,3
z1pad,4
z1l1n,2
zurig,3
zuipt,4
zoogt,3
zoons,4
z1vak,3
zambo,3
zatst,4
zloty,3
zoomt,4
zusje,5
zulks,3
zotst,5
z1zak,4
zayds,4
zuurt,4
zacht,5
zjefs,4
zocht,6
zicht,4
zucht,5
1skar,1
1stak,2
1sbad,3
1szak,3
1sbal,3
1kl1n,2
1skap,2
1sbar,2
1kten,3
1sb1l,3
1sdam,2
1lden,3
1lend,3
1sdek,2
1sdag,3
1sbok,3
1shal,4
1sval,5
1st1d,2
1kers,2
1zelt,2
1skou,2
1lste,2
1sman,3
1ssla,2
1sden,3
1king,3
1svr1,2
1dele,3
1zers,2
1vert,2
1lere,3
1sbox,4
1sw1n,4
1shut,3
1zing,3
1zige,3
1szee,3
1sjes,4
1'tje,3
